{"cameraMode":{"drawMode":0,"name":"Shaded","section":"Shading Mode"},"sceneLighting":false,"audioPlay":false,"sceneViewState":{"m_AlwaysRefresh":false,"showFog":false,"showSkybox":false,"showFlares":false,"showImageEffects":false,"showParticleSystems":false,"showVisualEffectGraphs":true,"m_FxEnabled":false},"in2DMode":false,"pivot":{"x":-1.7881393432617188e-7,"y":0.5453693866729736,"z":-0.004401504993438721},"rotation":{"x":-0.10021301358938217,"y":0.0915018692612648,"z":-0.009252795949578286,"w":-0.9907150864601135},"size":0.6545554995536804,"orthographic":false}